user_id,first name,last name
1,Alice,John Doe
2,Bob,Jane Smith
3,Charlie,Mike Johnson
4,Emily Davis,Emily Davis
5,David Brown,David Brown
6,Alice,John Doe
7,Bob,Jane Smith
8,Charlie,Mike Johnson
9,Emily Davis,Emily Davis
10,David Brown,David Brown
11,Alice,John Doe
12,Bob,Jane Smith
13,Charlie,Mike Johnson
14,Emily Davis,Emily Davis
15,David Brown,David Brown
16,Alice,John Doe
17,Bob,Jane Smith
18,Charlie,Mike Johnson
19,Emily Davis,Emily Davis
20,David Brown,David Brown
21,Alice,John Doe
22,Bob,Jane Smith
23,Charlie,Mike Johnson
24,Emily Davis,Emily Davis
25,David Brown,David Brown
26,Alice,John Doe
27,Bob,Jane Smith
28,Charlie,Mike Johnson
29,Emily Davis,Emily Davis
30,David Brown,David Brown
